algorithm,suite,D,run,status,message,runtime,resultFile,MaxFE,nReturned,nShared,nFoundShared,peakRecall,bestConsensus,consensusGap,meanConsensus,IGDX,GDX,minDistanceToShared,ndCount,ndRatio,highConsensusRatio,HV2D
HHCMMEA,1,10,1,ok,,48.1724474,D:\code\multi_party_multi_modal\hamaza_code\Results\ofec_mpmmo_platemo_1e5\tasks\HHCMMEA_suite01_D10_run01.mat,100000,99,2,0,0,2.15868233510719e-05,89.9999784131766,8.07148654470751e-06,1.34986723609803,1.57337329685661,1.28564044512496,64,0.646464646464647,0,1.57434754542121e-09
HHCMMEA,1,2,1,ok,,12.6757712,D:\code\multi_party_multi_modal\hamaza_code\Results\ofec_mpmmo_platemo_1e5\tasks\HHCMMEA_suite01_D2_run01.mat,100000,100,2,2,1,88.4785288453731,1.52147115462688,88.4739204180612,1.49569574693772e-05,1.64679269645563e-05,1.36737239067515e-05,100,1,1,8018.14527740662
HHCMMEA,1,3,1,ok,,12.8884226,D:\code\multi_party_multi_modal\hamaza_code\Results\ofec_mpmmo_platemo_1e5\tasks\HHCMMEA_suite01_D3_run01.mat,100000,100,2,1,0.5,88.7510525083775,1.24894749162253,88.7510506938327,0.223195988477615,2.44084340096135e-05,2.35806492418827e-05,100,1,1,8067.24834776845
HHCMMEA,1,5,1,ok,,12.4862981,D:\code\multi_party_multi_modal\hamaza_code\Results\ofec_mpmmo_platemo_1e5\tasks\HHCMMEA_suite01_D5_run01.mat,100000,100,2,0,0,0.046786118461327,89.9532138815387,0.00639308819552653,0.812198704400082,0.828599101175955,0.776135462870249,100,1,0,3.23511877633943
HHCMMEA,2,10,1,ok,,39.2478004,D:\code\multi_party_multi_modal\hamaza_code\Results\ofec_mpmmo_platemo_1e5\tasks\HHCMMEA_suite02_D10_run01.mat,100000,99,2,0,0,0.62625865425693,89.3737413457431,0.130965802910512,1.27425363206505,1.62581643227221,1.25474847777674,33,0.333333333333333,0,1.10401069658185
HHCMMEA,2,2,1,ok,,19.345533,D:\code\multi_party_multi_modal\hamaza_code\Results\ofec_mpmmo_platemo_1e5\tasks\HHCMMEA_suite02_D2_run01.mat,100000,100,2,1,0.5,89.9994253726434,0.000574627356598967,89.998334956197,0.36225639795946,0.000336845951882389,0.000307258494820121,100,1,1,8099.93644512752
HHCMMEA,2,3,1,ok,,11.1610837,D:\code\multi_party_multi_modal\hamaza_code\Results\ofec_mpmmo_platemo_1e5\tasks\HHCMMEA_suite02_D3_run01.mat,100000,100,2,1,0.5,89.9999906146765,9.38532352279253e-06,89.9999820673033,0.270493725120937,1.95708050768977e-05,1.37937368009044e-05,100,1,1,8099.99942627099
HHCMMEA,2,5,1,ok,,11.1171365,D:\code\multi_party_multi_modal\hamaza_code\Results\ofec_mpmmo_platemo_1e5\tasks\HHCMMEA_suite02_D5_run01.mat,100000,100,2,0,0,7.02629999207622,82.9737000079238,3.82001027218243,0.599603025472708,0.488391912282993,0.478676263025903,4,0.04,0,400.643579630028
HHCMMEA,3,10,1,ok,,49.2927336,D:\code\multi_party_multi_modal\hamaza_code\Results\ofec_mpmmo_platemo_1e5\tasks\HHCMMEA_suite03_D10_run01.mat,100000,100,1,0,0,0.03641806523936,89.9635819347606,0.0323844890718358,1.03922484159721,1.61922893303107,1.03922484159721,53,0.53,0,0.00132627547577828
HHCMMEA,3,2,1,ok,,10.391249,D:\code\multi_party_multi_modal\hamaza_code\Results\ofec_mpmmo_platemo_1e5\tasks\HHCMMEA_suite03_D2_run01.mat,100000,100,1,1,1,89.9999999674173,3.2582704534434e-08,89.9999998739916,4.53773404094838e-07,1.31196550881159e-06,4.53773404094838e-07,100,1,1,8099.99999901241
HHCMMEA,3,3,1,ok,,10.1433023,D:\code\multi_party_multi_modal\hamaza_code\Results\ofec_mpmmo_platemo_1e5\tasks\HHCMMEA_suite03_D3_run01.mat,100000,100,1,1,1,89.9999451963083,5.48036917109584e-05,89.9999332981473,0.000111886034402563,0.000112088917499514,0.000111886034402563,100,1,1,8099.9932700213
HHCMMEA,3,5,1,ok,,12.4296002,D:\code\multi_party_multi_modal\hamaza_code\Results\ofec_mpmmo_platemo_1e5\tasks\HHCMMEA_suite03_D5_run01.mat,100000,100,1,1,1,89.9997641502994,0.000235849700644053,89.9996791261087,8.22658351931546e-05,8.91728122820362e-05,8.22658351931546e-05,100,1,1,8099.97236407635
HHCMMEA,4,10,1,ok,,43.4098117,D:\code\multi_party_multi_modal\hamaza_code\Results\ofec_mpmmo_platemo_1e5\tasks\HHCMMEA_suite04_D10_run01.mat,100000,100,2,0,0,9.57546099868978e-05,89.99990424539,1.92387885860512e-06,0.684158929100256,1.18427679765627,0.464889628373165,43,0.43,0,6.6795466404505e-07
HHCMMEA,4,2,1,ok,,13.0904397,D:\code\multi_party_multi_modal\hamaza_code\Results\ofec_mpmmo_platemo_1e5\tasks\HHCMMEA_suite04_D2_run01.mat,100000,100,2,1,0.5,89.999999999996,4.02167188440217e-12,89.999999999996,0.156513526194061,2.3131172760814e-08,2.31267449939709e-08,100,1,1,8099.99999999928
HHCMMEA,4,3,1,ok,,12.7053121,D:\code\multi_party_multi_modal\hamaza_code\Results\ofec_mpmmo_platemo_1e5\tasks\HHCMMEA_suite04_D3_run01.mat,100000,100,2,1,0.5,89.9999930037569,6.9962430728765e-06,89.999993003757,0.245228639548061,2.77963530919032e-05,2.77963530856719e-05,100,1,1,8099.99879138853
HHCMMEA,4,5,1,ok,,10.4881656,D:\code\multi_party_multi_modal\hamaza_code\Results\ofec_mpmmo_platemo_1e5\tasks\HHCMMEA_suite04_D5_run01.mat,100000,100,2,1,0.5,89.9999801602528,1.98397472104261e-05,89.9999801602528,0.404940790505139,3.16194196781434e-05,3.16194196772462e-05,100,1,1,8099.99652617352
HHCMMEA,5,10,1,ok,,47.1383107,D:\code\multi_party_multi_modal\hamaza_code\Results\ofec_mpmmo_platemo_1e5\tasks\HHCMMEA_suite05_D10_run01.mat,100000,99,1,0,0,0.260833801844939,89.7391661981551,0.232680255770934,1.24245669772955,1.62209692484759,1.24245669772955,16,0.161616161616162,0,0.0680342721848848
HHCMMEA,5,2,1,ok,,12.4848459,D:\code\multi_party_multi_modal\hamaza_code\Results\ofec_mpmmo_platemo_1e5\tasks\HHCMMEA_suite05_D2_run01.mat,100000,100,1,1,1,89.9999995002561,4.99743890713944e-07,89.9999988548476,2.76880432310764e-06,3.20471056318094e-06,2.76880432310764e-06,100,1,1,8099.99995150525
HHCMMEA,5,3,1,ok,,11.7330758,D:\code\multi_party_multi_modal\hamaza_code\Results\ofec_mpmmo_platemo_1e5\tasks\HHCMMEA_suite05_D3_run01.mat,100000,100,1,1,1,89.9972584939239,0.00274150607612,89.995871301144,0.000689703509007542,0.000741793354719713,0.000689703509007542,100,1,1,8099.75411626263
HHCMMEA,5,5,1,ok,,11.9126925,D:\code\multi_party_multi_modal\hamaza_code\Results\ofec_mpmmo_platemo_1e5\tasks\HHCMMEA_suite05_D5_run01.mat,100000,100,1,1,1,89.9998113928655,0.00018860713447566,89.9997389255969,0.000105705337693438,0.000119104396642697,0.000105705337693438,29,0.29,1,8099.97674900154
HHCMMEA,6,10,1,ok,,44.3532111,D:\code\multi_party_multi_modal\hamaza_code\Results\ofec_mpmmo_platemo_1e5\tasks\HHCMMEA_suite06_D10_run01.mat,100000,99,2,0,0,0.125866886187083,89.8741331138129,0.125866886187083,1.33834634957662,1.54132533377553,1.28312351805853,99,1,0,0.0747517847976947
HHCMMEA,6,2,1,ok,,11.5681555,D:\code\multi_party_multi_modal\hamaza_code\Results\ofec_mpmmo_platemo_1e5\tasks\HHCMMEA_suite06_D2_run01.mat,100000,100,2,1,0.5,89.9999999477673,5.22326644158966e-08,89.9999999244279,0.310284472486226,1.66858245980752e-06,1.6169822423744e-06,100,1,1,8099.99999628125
HHCMMEA,6,3,1,ok,,12.6687845,D:\code\multi_party_multi_modal\hamaza_code\Results\ofec_mpmmo_platemo_1e5\tasks\HHCMMEA_suite06_D3_run01.mat,100000,100,2,1,0.5,89.9979069264008,0.00209307359922661,89.9967315375635,0.307013491954237,0.000219573254973771,0.000214551633108023,100,1,1,8099.82421387218
HHCMMEA,6,5,1,ok,,24.6924678,D:\code\multi_party_multi_modal\hamaza_code\Results\ofec_mpmmo_platemo_1e5\tasks\HHCMMEA_suite06_D5_run01.mat,100000,100,2,1,0.5,89.9969490331976,0.00305096680239103,14.5211916657526,0.394967410779273,0.417002552903272,0.000237604058616706,13,0.13,0.16,8099.67247611465
HHCMMEA,7,10,1,ok,,32.1414813,D:\code\multi_party_multi_modal\hamaza_code\Results\ofec_mpmmo_platemo_1e5\tasks\HHCMMEA_suite07_D10_run01.mat,100000,99,2,0,0,0.941693935511324,89.0583060644887,0.941693935511324,1.41311982937865,1.61628691109705,1.27495527908048,99,1,0,0.947985012231199
HHCMMEA,7,2,1,ok,,11.5887687,D:\code\multi_party_multi_modal\hamaza_code\Results\ofec_mpmmo_platemo_1e5\tasks\HHCMMEA_suite07_D2_run01.mat,100000,100,2,1,0.5,89.9999999947675,5.23250776041095e-09,89.9999999907033,0.330832793679531,9.45365803684725e-07,9.03779217362738e-07,100,1,1,8099.99999974876
HHCMMEA,7,3,1,ok,,10.8270019,D:\code\multi_party_multi_modal\hamaza_code\Results\ofec_mpmmo_platemo_1e5\tasks\HHCMMEA_suite07_D3_run01.mat,100000,100,2,1,0.5,89.9999839239684,1.6076031570833e-05,89.9999725304989,0.42441058373029,5.05708213561696e-05,3.35068607388604e-05,6,0.06,1,8099.99841542439
HHCMMEA,7,5,1,ok,,11.5430773,D:\code\multi_party_multi_modal\hamaza_code\Results\ofec_mpmmo_platemo_1e5\tasks\HHCMMEA_suite07_D5_run01.mat,100000,100,2,0,0,10.0894650458246,79.9105349541754,8.39833080597917,0.655419109551336,0.503663468243269,0.445348964820285,2,0.02,0,1002.93440306438
HHCMMEA,8,2,1,ok,,11.7260733,D:\code\multi_party_multi_modal\hamaza_code\Results\ofec_mpmmo_platemo_1e5\tasks\HHCMMEA_suite08_D2_run01.mat,100000,100,2,1,0.5,89.9999974658599,2.53414010842334e-06,89.999997423223,0.204310703545361,2.71939144203072e-05,2.71613908007392e-05,100,1,1,8099.99972609765
HHCMMEA,8,3,1,ok,,15.2107804,D:\code\multi_party_multi_modal\hamaza_code\Results\ofec_mpmmo_platemo_1e5\tasks\HHCMMEA_suite08_D3_run01.mat,100000,100,2,1,0.5,89.9999457893392,5.42106608065751e-05,89.9998967566231,0.291493111578458,0.000104169736456157,8.20499549233885e-05,100,1,1,8099.99404065925
HHCMMEA,8,5,1,ok,,11.3853509,D:\code\multi_party_multi_modal\hamaza_code\Results\ofec_mpmmo_platemo_1e5\tasks\HHCMMEA_suite08_D5_run01.mat,100000,100,2,1,0.5,89.9981088156461,0.00189118435392288,89.9959526646226,0.437803852413846,0.000327380745531115,0.00028897648893001,100,1,1,8099.89760829209
HHCMMEA,9,10,1,ok,,36.1005062,D:\code\multi_party_multi_modal\hamaza_code\Results\ofec_mpmmo_platemo_1e5\tasks\HHCMMEA_suite09_D10_run01.mat,100000,100,20,0,0,0.00024846953148483,89.9997515304685,0.00024846953148483,1.10785182210643,1.05026511025513,0.587461390816205,50,0.5,0,7.54850100850041e-08
HHCMMEA,9,3,1,ok,,10.5045436,D:\code\multi_party_multi_modal\hamaza_code\Results\ofec_mpmmo_platemo_1e5\tasks\HHCMMEA_suite09_D3_run01.mat,100000,100,20,1,0.05,89.9999963819799,3.61802013060242e-06,89.9999963819799,0.549006973988238,1.02703974889769e-05,1.02703974873989e-05,100,1,1,8099.99938134011
HHCMMEA,9,5,1,ok,,10.0365511,D:\code\multi_party_multi_modal\hamaza_code\Results\ofec_mpmmo_platemo_1e5\tasks\HHCMMEA_suite09_D5_run01.mat,100000,100,20,1,0.05,89.9997069154354,0.000293084564617629,89.9995713563018,0.78034516669427,3.45396856713568e-05,3.03432577252074e-05,100,1,1,8099.98827263942
HHCMMEA,10,10,1,ok,,32.5146344,D:\code\multi_party_multi_modal\hamaza_code\Results\ofec_mpmmo_platemo_1e5\tasks\HHCMMEA_suite10_D10_run01.mat,100000,99,6,0,0,0.965279365164221,89.0347206348358,0.965279365164221,1.13679478185441,1.38458868797091,0.879483710731884,99,1,0,0.931764252811842
HHCMMEA,10,2,1,ok,,10.2218403,D:\code\multi_party_multi_modal\hamaza_code\Results\ofec_mpmmo_platemo_1e5\tasks\HHCMMEA_suite10_D2_run01.mat,100000,100,6,1,0.166666666666667,89.9999999670116,3.29883533822795e-08,89.9999999388896,0.512956143814524,8.72469560804602e-07,6.15654249832564e-07,100,1,1,8099.99999887005
HHCMMEA,10,3,1,ok,,10.0570381,D:\code\multi_party_multi_modal\hamaza_code\Results\ofec_mpmmo_platemo_1e5\tasks\HHCMMEA_suite10_D3_run01.mat,100000,100,6,1,0.166666666666667,89.9999667924101,3.32075899223128e-05,89.999962851051,0.606002279504962,5.62786340267115e-05,4.44849218092504e-05,90,0.9,1,8099.99636012178
HHCMMEA,10,5,1,ok,,15.9986352,D:\code\multi_party_multi_modal\hamaza_code\Results\ofec_mpmmo_platemo_1e5\tasks\HHCMMEA_suite10_D5_run01.mat,100000,100,6,1,0.166666666666667,89.9958206073055,0.00417939269446777,89.988353987613,0.639701261875179,0.000696296833682417,0.0004782695469102,44,0.44,1,8099.60709879931
HHCMMEA,11,10,1,ok,,32.8324757,D:\code\multi_party_multi_modal\hamaza_code\Results\ofec_mpmmo_platemo_1e5\tasks\HHCMMEA_suite11_D10_run01.mat,100000,100,8,0,0,0.467718856730201,89.5322811432698,0.467718856730201,1.32665590918698,1.34957814648192,1.02367963549271,100,1,0,0.218760928941006
HHCMMEA,11,2,1,ok,,9.6917281,D:\code\multi_party_multi_modal\hamaza_code\Results\ofec_mpmmo_platemo_1e5\tasks\HHCMMEA_suite11_D2_run01.mat,100000,100,8,1,0.125,89.9999982009559,1.79904407104914e-06,89.9999865441676,0.511997046339575,1.08635802214599e-05,5.1111029856755e-06,100,1,1,8099.99988528062
HHCMMEA,11,3,1,ok,,11.4027371,D:\code\multi_party_multi_modal\hamaza_code\Results\ofec_mpmmo_platemo_1e5\tasks\HHCMMEA_suite11_D3_run01.mat,100000,100,8,1,0.125,89.9999856595857,1.43404143386761e-05,89.9997725432195,0.827132701116492,4.69455798711318e-05,3.38760240036637e-05,100,1,1,8099.99851678723
HHCMMEA,11,5,1,ok,,10.2247328,D:\code\multi_party_multi_modal\hamaza_code\Results\ofec_mpmmo_platemo_1e5\tasks\HHCMMEA_suite11_D5_run01.mat,100000,100,8,1,0.125,89.9999843965751,1.56034248988135e-05,89.9999817279309,0.628692486296699,2.45328168845704e-05,2.42651092045438e-05,100,1,1,8099.99780211883
HHCMMEA,12,10,1,ok,,36.5750498,D:\code\multi_party_multi_modal\hamaza_code\Results\ofec_mpmmo_platemo_1e5\tasks\HHCMMEA_suite12_D10_run01.mat,100000,99,16,0,0,1.44423282752527,88.5557671724747,1.44423282752527,1.31157482100048,1.19313494459232,0.920553271246328,99,1,0,2.08580846010163
HHCMMEA,12,2,1,ok,,10.3459563,D:\code\multi_party_multi_modal\hamaza_code\Results\ofec_mpmmo_platemo_1e5\tasks\HHCMMEA_suite12_D2_run01.mat,100000,100,16,1,0.0625,89.9999995339446,4.6605543957412e-07,89.9999994398043,0.61533249171138,2.01928942646282e-06,1.46972338369655e-06,100,1,1,8099.99998372677
HHCMMEA,12,3,1,ok,,11.1249712,D:\code\multi_party_multi_modal\hamaza_code\Results\ofec_mpmmo_platemo_1e5\tasks\HHCMMEA_suite12_D3_run01.mat,100000,100,16,1,0.0625,89.9999908298168,9.17018317636575e-06,89.9999853404094,0.677359956274849,3.48089865627664e-05,3.25027032168823e-05,100,1,1,8099.99885165498
HHCMMEA,12,5,1,ok,,12.1546432,D:\code\multi_party_multi_modal\hamaza_code\Results\ofec_mpmmo_platemo_1e5\tasks\HHCMMEA_suite12_D5_run01.mat,100000,100,16,1,0.0625,89.9998449881411,0.00015501185886535,89.9996257459667,0.739658530066692,7.1900244192107e-05,5.24085945822842e-05,100,1,1,8099.98325983849
MMEAARM,1,10,1,ok,,12.9476323,D:\code\multi_party_multi_modal\hamaza_code\Results\ofec_mpmmo_platemo_1e5\tasks\MMEAARM_suite01_D10_run01.mat,100000,100,2,0,0,3.89136931460143e-05,89.9999610863069,1.93547488522938e-05,1.0215348930856,0.921424272927211,0.891505840701394,2,0.02,0,1.20845189269322e-07
MMEAARM,1,2,1,ok,,20.1117822,D:\code\multi_party_multi_modal\hamaza_code\Results\ofec_mpmmo_platemo_1e5\tasks\MMEAARM_suite01_D2_run01.mat,100000,100,2,2,1,88.4774605300843,1.52253946991569,78.9210227776151,0.00037265550235196,0.0814488000781471,9.06225331505194e-05,20,0.2,0.7,8017.71981191745
MMEAARM,1,3,1,ok,,96.7516661,D:\code\multi_party_multi_modal\hamaza_code\Results\ofec_mpmmo_platemo_1e5\tasks\MMEAARM_suite01_D3_run01.mat,100000,96,2,1,0.5,88.7291308582534,1.27086914174656,55.3896688352255,0.222512041970413,0.208778536978309,0.000990673568122152,12,0.125,0.625,8063.89235721193
MMEAARM,1,5,1,ok,,21.3097086,D:\code\multi_party_multi_modal\hamaza_code\Results\ofec_mpmmo_platemo_1e5\tasks\MMEAARM_suite01_D5_run01.mat,100000,100,2,0,0,0.0475655114882443,89.9524344885118,0.0240551789443906,0.62853195783222,0.784491687954723,0.572974780963602,36,0.36,0,3.26622182552488
MMEAARM,2,10,1,error,位置 1 处的索引超出数组边界。索引不能超过 27。,18.7080021,D:\code\multi_party_multi_modal\hamaza_code\Results\ofec_mpmmo_platemo_1e5\tasks\MMEAARM_suite02_D10_run01.mat,100000,0,2,0,0,NaN,NaN,NaN,NaN,NaN,NaN,0,0,0,0
MMEAARM,2,2,1,ok,,25.1118586,D:\code\multi_party_multi_modal\hamaza_code\Results\ofec_mpmmo_platemo_1e5\tasks\MMEAARM_suite02_D2_run01.mat,100000,100,2,2,1,89.9962409013659,0.00375909863413426,87.1401195584766,0.00475278167077005,0.012499277994556,0.000224478488843293,10,0.1,0.88,8099.88668425394
MMEAARM,2,3,1,error,位置 1 处的索引超出数组边界。索引不能超过 9。,2.5715927,D:\code\multi_party_multi_modal\hamaza_code\Results\ofec_mpmmo_platemo_1e5\tasks\MMEAARM_suite02_D3_run01.mat,100000,0,2,0,0,NaN,NaN,NaN,NaN,NaN,NaN,0,0,0,0
MMEAARM,2,5,1,ok,,13.5036748,D:\code\multi_party_multi_modal\hamaza_code\Results\ofec_mpmmo_platemo_1e5\tasks\MMEAARM_suite02_D5_run01.mat,100000,96,2,0,0,7.02629999207622,82.9737000079238,3.71884793692357,0.592120122897268,0.506613750712369,0.477882559925797,3,0.03125,0,616.050650515518
MMEAARM,3,10,1,ok,,16.377219,D:\code\multi_party_multi_modal\hamaza_code\Results\ofec_mpmmo_platemo_1e5\tasks\MMEAARM_suite03_D10_run01.mat,100000,99,1,1,1,86.8255984126923,3.17440158730768,27.9882972597876,0.00362065911194658,0.726297724694735,0.00362065911194658,6,0.0606060606060606,0.151515151515152,7717.15282315887
MMEAARM,3,2,1,ok,,19.0930259,D:\code\multi_party_multi_modal\hamaza_code\Results\ofec_mpmmo_platemo_1e5\tasks\MMEAARM_suite03_D2_run01.mat,100000,99,1,1,1,89.9943748128687,0.0056251871313151,80.8655681135702,0.000664121226599234,0.125875503768743,0.000664121226599234,11,0.111111111111111,0.777777777777778,8099.86213157438
MMEAARM,3,3,1,ok,,19.9596437,D:\code\multi_party_multi_modal\hamaza_code\Results\ofec_mpmmo_platemo_1e5\tasks\MMEAARM_suite03_D3_run01.mat,100000,84,1,1,1,87.3969147113346,2.60308528866541,30.4360217792665,0.0212437304030878,0.450285209855132,0.0212437304030878,4,0.0476190476190476,0.0238095238095238,7922.29131499486
MMEAARM,3,5,1,ok,,16.7290504,D:\code\multi_party_multi_modal\hamaza_code\Results\ofec_mpmmo_platemo_1e5\tasks\MMEAARM_suite03_D5_run01.mat,100000,98,1,1,1,89.7789446797656,0.221055320234399,51.952978034435,0.00233666770669811,0.294473869859868,0.00233666770669811,11,0.112244897959184,0.561224489795918,8075.83828213084
MMEAARM,4,10,1,ok,,14.0211859,D:\code\multi_party_multi_modal\hamaza_code\Results\ofec_mpmmo_platemo_1e5\tasks\MMEAARM_suite04_D10_run01.mat,100000,100,2,0,0,9.57546099868978e-05,89.99990424539,1.85332904803204e-05,0.865903250766931,1.27515440310719,0.811394951286136,25,0.25,0,0.000163604241657599
MMEAARM,4,2,1,ok,,167.5531584,D:\code\multi_party_multi_modal\hamaza_code\Results\ofec_mpmmo_platemo_1e5\tasks\MMEAARM_suite04_D2_run01.mat,100000,99,2,2,1,89.9999639975998,3.60024001508918e-05,79.4244257126323,0.000185703077881681,0.067482309870246,6.24944075212858e-05,1,0.0101010101010101,0.777777777777778,8099.99549283218
MMEAARM,4,3,1,ok,,23.1158875,D:\code\multi_party_multi_modal\hamaza_code\Results\ofec_mpmmo_platemo_1e5\tasks\MMEAARM_suite04_D3_run01.mat,100000,96,2,2,1,89.6217409729919,0.378259027008113,45.8720158200288,0.0115248626123322,0.198302789641856,0.00620237290402407,2,0.0208333333333333,0.25,8054.29085793141
MMEAARM,4,5,1,ok,,18.3288171,D:\code\multi_party_multi_modal\hamaza_code\Results\ofec_mpmmo_platemo_1e5\tasks\MMEAARM_suite04_D5_run01.mat,100000,96,2,1,0.5,89.8704132892171,0.129586710782888,22.707821521714,0.0207071783962163,0.509004471910886,0.00530052320999969,2,0.0208333333333333,0.166666666666667,8078.02772818002
MMEAARM,5,10,1,ok,,14.3171706,D:\code\multi_party_multi_modal\hamaza_code\Results\ofec_mpmmo_platemo_1e5\tasks\MMEAARM_suite05_D10_run01.mat,100000,100,1,0,0,0.260833801844939,89.7391661981551,0.228120032688544,1.14065564779233,1.27679833398031,1.14065564779233,4,0.04,0,20.362339108328
MMEAARM,5,2,1,ok,,19.039996,D:\code\multi_party_multi_modal\hamaza_code\Results\ofec_mpmmo_platemo_1e5\tasks\MMEAARM_suite05_D2_run01.mat,100000,100,1,1,1,89.9999856346562,1.43653437731928e-05,76.9092319280496,2.70956208910139e-05,0.0576676316058617,2.70956208910139e-05,10,0.1,0.8,8099.99801519
MMEAARM,5,3,1,ok,,19.4681577,D:\code\multi_party_multi_modal\hamaza_code\Results\ofec_mpmmo_platemo_1e5\tasks\MMEAARM_suite05_D3_run01.mat,100000,99,1,1,1,87.9666391129227,2.03336088707731,59.8531649612484,0.0189415317896286,0.361209322784406,0.0189415317896286,11,0.111111111111111,0.111111111111111,7937.74056198582
MMEAARM,5,5,1,ok,,16.7967435,D:\code\multi_party_multi_modal\hamaza_code\Results\ofec_mpmmo_platemo_1e5\tasks\MMEAARM_suite05_D5_run01.mat,100000,96,1,1,1,89.9039449539629,0.0960550460371081,47.4281352423319,0.00120772990159299,0.458997662193479,0.00120772990159299,10,0.104166666666667,0.5,8095.76204894952
MMEAARM,6,10,1,error,位置 1 处的索引超出数组边界。索引不能超过 7。,3.0127914,D:\code\multi_party_multi_modal\hamaza_code\Results\ofec_mpmmo_platemo_1e5\tasks\MMEAARM_suite06_D10_run01.mat,100000,0,2,0,0,NaN,NaN,NaN,NaN,NaN,NaN,0,0,0,0
MMEAARM,6,2,1,ok,,19.7980729,D:\code\multi_party_multi_modal\hamaza_code\Results\ofec_mpmmo_platemo_1e5\tasks\MMEAARM_suite06_D2_run01.mat,100000,96,2,2,1,89.9908959133772,0.00910408662275586,89.8161563777282,0.000863442724412773,0.00182392573263827,0.000797593797549248,13,0.135416666666667,1,8099.70581049671
MMEAARM,6,3,1,ok,,16.8829371,D:\code\multi_party_multi_modal\hamaza_code\Results\ofec_mpmmo_platemo_1e5\tasks\MMEAARM_suite06_D3_run01.mat,100000,96,2,1,0.5,89.5187594474694,0.481240552530565,30.6374292643818,0.00730370486423695,0.308334211909618,0.00199896798173858,6,0.0625,0.166666666666667,8054.22359608071
MMEAARM,6,5,1,ok,,18.8831918,D:\code\multi_party_multi_modal\hamaza_code\Results\ofec_mpmmo_platemo_1e5\tasks\MMEAARM_suite06_D5_run01.mat,100000,98,2,2,1,89.9754230203946,0.0245769796054134,65.4867970151427,0.000782981959391465,0.153101822161307,0.000552095229706823,1,0.0102040816326531,0.693877551020408,8095.9707888937
MMEAARM,7,10,1,ok,,13.7355055,D:\code\multi_party_multi_modal\hamaza_code\Results\ofec_mpmmo_platemo_1e5\tasks\MMEAARM_suite07_D10_run01.mat,100000,63,2,0,0,0.941693935511324,89.0583060644887,0.370347422690295,0.802703496521915,0.996523512525654,0.732834000474148,5,0.0793650793650794,0,12.7337656864664
MMEAARM,7,2,1,ok,,170.1470697,D:\code\multi_party_multi_modal\hamaza_code\Results\ofec_mpmmo_platemo_1e5\tasks\MMEAARM_suite07_D2_run01.mat,100000,100,2,2,1,89.9957246497746,0.00427535022537029,85.0524158396637,0.00180082895085786,0.0334031676433868,0.000813461182509707,18,0.18,0.9,8099.79648774498
MMEAARM,7,3,1,ok,,18.3215849,D:\code\multi_party_multi_modal\hamaza_code\Results\ofec_mpmmo_platemo_1e5\tasks\MMEAARM_suite07_D3_run01.mat,100000,99,2,2,1,89.9997078545791,0.000292145420900169,87.4847051870298,0.00656225397212278,0.0183253130873256,0.000185669899425224,11,0.111111111111111,0.888888888888889,8099.96466214633
MMEAARM,7,5,1,ok,,15.9706864,D:\code\multi_party_multi_modal\hamaza_code\Results\ofec_mpmmo_platemo_1e5\tasks\MMEAARM_suite07_D5_run01.mat,100000,96,2,2,1,89.9903477168651,0.00965228313489774,48.2451234790169,0.00079164511796402,0.276527103215728,0.000708930857936999,5,0.0520833333333333,0.489583333333333,8098.71037007894
MMEAARM,8,2,1,ok,,23.4794237,D:\code\multi_party_multi_modal\hamaza_code\Results\ofec_mpmmo_platemo_1e5\tasks\MMEAARM_suite08_D2_run01.mat,100000,99,2,2,1,89.9103903637435,0.0896096362564975,81.9398669473664,0.00811854269856727,0.0517668679569283,0.00621253056535198,11,0.111111111111111,0.636363636363636,8091.62298262821
MMEAARM,8,3,1,ok,,26.8131463,D:\code\multi_party_multi_modal\hamaza_code\Results\ofec_mpmmo_platemo_1e5\tasks\MMEAARM_suite08_D3_run01.mat,100000,96,2,2,1,89.9952811438711,0.00471885612886069,36.5171832519461,0.00722270056188159,0.328760873444288,0.000187289703513086,3,0.03125,0.145833333333333,8099.59452086662
MMEAARM,8,5,1,error,位置 1 处的逻辑索引包含一个在数组边界之外的 true 值。,150.1450033,D:\code\multi_party_multi_modal\hamaza_code\Results\ofec_mpmmo_platemo_1e5\tasks\MMEAARM_suite08_D5_run01.mat,100000,0,2,0,0,NaN,NaN,NaN,NaN,NaN,NaN,0,0,0,0
MMEAARM,9,10,1,error,位置 1 处的索引超出数组边界。索引不能超过 1。,2.457709,D:\code\multi_party_multi_modal\hamaza_code\Results\ofec_mpmmo_platemo_1e5\tasks\MMEAARM_suite09_D10_run01.mat,100000,0,20,0,0,NaN,NaN,NaN,NaN,NaN,NaN,0,0,0,0
MMEAARM,10,10,1,error,位置 1 处的索引超出数组边界。索引不能超过 17。,3.5780574,D:\code\multi_party_multi_modal\hamaza_code\Results\ofec_mpmmo_platemo_1e5\tasks\MMEAARM_suite10_D10_run01.mat,100000,0,6,0,0,NaN,NaN,NaN,NaN,NaN,NaN,0,0,0,0
MMEAARM,10,2,1,ok,,20.0939612,D:\code\multi_party_multi_modal\hamaza_code\Results\ofec_mpmmo_platemo_1e5\tasks\MMEAARM_suite10_D2_run01.mat,100000,99,6,5,0.833333333333333,89.9999425730261,5.74269739246347e-05,89.9898396634501,0.0908712396849679,0.000473665496671638,3.36649005521979e-05,10,0.101010101010101,1,8099.99671042894
MMEAARM,10,3,1,ok,,16.3162969,D:\code\multi_party_multi_modal\hamaza_code\Results\ofec_mpmmo_platemo_1e5\tasks\MMEAARM_suite10_D3_run01.mat,100000,99,6,5,0.833333333333333,89.9983684821681,0.00163151783192461,75.35808950269,0.00609407101440348,0.0666642219586008,0.000216247679064639,8,0.0808080808080808,0.606060606060606,8099.82048928842
MMEAARM,10,5,1,ok,,23.391985,D:\code\multi_party_multi_modal\hamaza_code\Results\ofec_mpmmo_platemo_1e5\tasks\MMEAARM_suite10_D5_run01.mat,100000,98,6,4,0.666666666666667,89.9054021286014,0.0945978713986051,49.9430670660305,0.108770597989973,0.142500107042493,0.00153997408106119,6,0.0612244897959184,0.387755102040816,8090.03563071046
MMEAARM,11,10,1,error,位置 1 处的索引超出数组边界。索引不能超过 2。,2.5536946,D:\code\multi_party_multi_modal\hamaza_code\Results\ofec_mpmmo_platemo_1e5\tasks\MMEAARM_suite11_D10_run01.mat,100000,0,8,0,0,NaN,NaN,NaN,NaN,NaN,NaN,0,0,0,0
MMEAARM,11,2,1,ok,,15.759601,D:\code\multi_party_multi_modal\hamaza_code\Results\ofec_mpmmo_platemo_1e5\tasks\MMEAARM_suite11_D2_run01.mat,100000,96,8,4,0.5,89.999699320456,0.000300679544025684,89.9926309870058,0.192745897259116,0.000355655439138121,3.77757820228249e-05,19,0.197916666666667,1,8099.99632710274
MMEAARM,11,3,1,error,位置 1 处的索引超出数组边界。索引不能超过 5。,2.4476376,D:\code\multi_party_multi_modal\hamaza_code\Results\ofec_mpmmo_platemo_1e5\tasks\MMEAARM_suite11_D3_run01.mat,100000,0,8,0,0,NaN,NaN,NaN,NaN,NaN,NaN,0,0,0,0
MMEAARM,11,5,1,error,位置 1 处的索引超出数组边界。索引不能超过 7。,2.330549,D:\code\multi_party_multi_modal\hamaza_code\Results\ofec_mpmmo_platemo_1e5\tasks\MMEAARM_suite11_D5_run01.mat,100000,0,8,0,0,NaN,NaN,NaN,NaN,NaN,NaN,0,0,0,0
MMEAARM,12,10,1,error,位置 1 处的索引超出数组边界。索引不能超过 7。,2.3707549,D:\code\multi_party_multi_modal\hamaza_code\Results\ofec_mpmmo_platemo_1e5\tasks\MMEAARM_suite12_D10_run01.mat,100000,0,16,0,0,NaN,NaN,NaN,NaN,NaN,NaN,0,0,0,0
MMEAARM,12,2,1,ok,,18.4496441,D:\code\multi_party_multi_modal\hamaza_code\Results\ofec_mpmmo_platemo_1e5\tasks\MMEAARM_suite12_D2_run01.mat,100000,96,16,6,0.375,89.9983352101436,0.00166478985643437,89.9476334893067,0.152922890407098,0.000821929090291995,7.89758872219317e-05,14,0.145833333333333,1,8099.97258629023
MMEAWI,1,10,1,ok,,50.4544269,D:\code\multi_party_multi_modal\hamaza_code\Results\ofec_mpmmo_platemo_1e5\tasks\MMEAWI_suite01_D10_run01.mat,100000,13,2,0,0,2.15868233510719e-05,89.9999784131766,1.67503497786688e-06,1.0146897688145,1.00243693577253,0.968108015108375,13,1,0,1.84917370591073e-06
MMEAWI,1,2,1,ok,,116.4415235,D:\code\multi_party_multi_modal\hamaza_code\Results\ofec_mpmmo_platemo_1e5\tasks\MMEAWI_suite01_D2_run01.mat,100000,100,2,2,1,88.4785432509862,1.52145674901381,88.4373556103741,5.4049120513854e-06,8.22090176124856e-06,3.14953932290104e-06,100,1,1,8018.1457476421
MMEAWI,1,3,1,ok,,40.4897622,D:\code\multi_party_multi_modal\hamaza_code\Results\ofec_mpmmo_platemo_1e5\tasks\MMEAWI_suite01_D3_run01.mat,100000,100,2,1,0.5,90.5734619239393,-0.573461923939277,90.5734619239393,0.223181214782075,5.54867275408488e-06,5.54867275408022e-06,100,1,1,8224.28501236352
MMEAWI,1,5,1,ok,,43.5801026,D:\code\multi_party_multi_modal\hamaza_code\Results\ofec_mpmmo_platemo_1e5\tasks\MMEAWI_suite01_D5_run01.mat,100000,100,2,0,0,0.0477108969844693,89.9522891030155,0.017800514252385,0.74926896102505,0.84151770336428,0.688939103870612,100,1,0,3.30307540504304
MMEAWI,2,10,1,ok,,75.8030201,D:\code\multi_party_multi_modal\hamaza_code\Results\ofec_mpmmo_platemo_1e5\tasks\MMEAWI_suite02_D10_run01.mat,100000,100,2,0,0,0.62625865425693,89.3737413457431,0.46373742233729,0.819620998702997,1.20461219856822,0.7108800535592,100,1,0,1.25787035423563
MMEAWI,2,2,1,ok,,43.5468692,D:\code\multi_party_multi_modal\hamaza_code\Results\ofec_mpmmo_platemo_1e5\tasks\MMEAWI_suite02_D2_run01.mat,100000,100,2,1,0.5,89.9999976154937,2.38450626000031e-06,89.9999969225059,0.362042181021576,6.38347608024494e-06,6.21732179455617e-06,100,1,1,8099.99983903015
MMEAWI,2,3,1,ok,,42.2860719,D:\code\multi_party_multi_modal\hamaza_code\Results\ofec_mpmmo_platemo_1e5\tasks\MMEAWI_suite02_D3_run01.mat,100000,100,2,1,0.5,89.9999988608916,1.13910844845577e-06,89.9999983755634,0.270484818388257,6.58762983573947e-06,5.09345929681919e-06,100,1,1,8099.99986263592
MMEAWI,2,5,1,ok,,34.9511888,D:\code\multi_party_multi_modal\hamaza_code\Results\ofec_mpmmo_platemo_1e5\tasks\MMEAWI_suite02_D5_run01.mat,100000,7,2,0,0,7.02629999207622,82.9737000079238,6.11021721496371,0.598769478889383,0.481433640357377,0.478645858404568,7,1,0,400.703065266714
MMEAWI,3,10,1,ok,,95.5721629,D:\code\multi_party_multi_modal\hamaza_code\Results\ofec_mpmmo_platemo_1e5\tasks\MMEAWI_suite03_D10_run01.mat,100000,100,1,0,0,0.03641806523936,89.9635819347606,0.03641806523936,0.772155975494666,1.25908631394007,0.772155975494666,100,1,0,0.00132627547577828
MMEAWI,3,2,1,ok,,40.5425465,D:\code\multi_party_multi_modal\hamaza_code\Results\ofec_mpmmo_platemo_1e5\tasks\MMEAWI_suite03_D2_run01.mat,100000,100,1,1,1,89.9999990925714,9.07428557184176e-07,89.9999960415139,2.37152121961122e-06,7.49399120029803e-06,2.37152121961122e-06,100,1,1,8099.99996357183
MMEAWI,3,3,1,ok,,44.5698751,D:\code\multi_party_multi_modal\hamaza_code\Results\ofec_mpmmo_platemo_1e5\tasks\MMEAWI_suite03_D3_run01.mat,100000,100,1,1,1,89.9999906534543,9.34654565298842e-06,89.999984143787,3.56598008854743e-05,3.6596022629551e-05,3.56598008854743e-05,100,1,1,8099.99890631266
MMEAWI,3,5,1,ok,,44.578148,D:\code\multi_party_multi_modal\hamaza_code\Results\ofec_mpmmo_platemo_1e5\tasks\MMEAWI_suite03_D5_run01.mat,100000,100,1,1,1,89.9999989853611,1.01463888313447e-06,89.9999987687982,3.47183825253928e-06,3.66901874600611e-06,3.47183825253928e-06,100,1,1,8099.99986739351
MMEAWI,4,10,1,ok,,44.3106498,D:\code\multi_party_multi_modal\hamaza_code\Results\ofec_mpmmo_platemo_1e5\tasks\MMEAWI_suite04_D10_run01.mat,100000,2,2,0,0,9.57546099868978e-05,89.99990424539,4.78797656739971e-05,0.984381571294813,0.792266291531456,0.776381470345576,2,1,0,0.004905642094537
MMEAWI,4,2,1,ok,,39.6730917,D:\code\multi_party_multi_modal\hamaza_code\Results\ofec_mpmmo_platemo_1e5\tasks\MMEAWI_suite04_D2_run01.mat,100000,100,2,1,0.5,89.9999999844399,1.55600616835727e-08,89.9999999844399,0.1565141198134,1.30021608160291e-06,1.30021608160291e-06,100,1,1,8099.99999803733
MMEAWI,4,3,1,ok,,40.4708847,D:\code\multi_party_multi_modal\hamaza_code\Results\ofec_mpmmo_platemo_1e5\tasks\MMEAWI_suite04_D3_run01.mat,100000,100,2,1,0.5,89.9999999500641,4.99358918659709e-08,89.9999999500641,0.245204039968244,3.13365682297294e-06,3.13365682297025e-06,100,1,1,8099.99999199124
MMEAWI,4,5,1,ok,,38.1195439,D:\code\multi_party_multi_modal\hamaza_code\Results\ofec_mpmmo_platemo_1e5\tasks\MMEAWI_suite04_D5_run01.mat,100000,100,2,0,0,13.0648706039322,76.9351293960678,7.58057436370631,0.783870106065816,0.774999282594314,0.67336662459169,100,1,0,657.362824156966
MMEAWI,5,10,1,ok,,90.7267577,D:\code\multi_party_multi_modal\hamaza_code\Results\ofec_mpmmo_platemo_1e5\tasks\MMEAWI_suite05_D10_run01.mat,100000,100,1,0,0,0.260833801844939,89.7391661981551,0.260833801844939,0.75154636475221,1.24986096593647,0.75154636475221,100,1,0,0.0680342721848848
MMEAWI,5,2,1,ok,,48.8808337,D:\code\multi_party_multi_modal\hamaza_code\Results\ofec_mpmmo_platemo_1e5\tasks\MMEAWI_suite05_D2_run01.mat,100000,100,1,1,1,89.9999998498977,1.50102295037868e-07,89.9999994531278,2.75377030421692e-06,3.01942648599855e-06,2.75377030421692e-06,100,1,1,8099.99999520238
MMEAWI,5,3,1,ok,,45.5498032,D:\code\multi_party_multi_modal\hamaza_code\Results\ofec_mpmmo_platemo_1e5\tasks\MMEAWI_suite05_D3_run01.mat,100000,100,1,1,1,89.9999997994825,2.00517476400819e-07,89.9999997994825,2.20969872337282e-06,2.20969872337283e-06,2.20969872337282e-06,100,1,1,8099.99997177368
MMEAWI,5,5,1,ok,,39.1168351,D:\code\multi_party_multi_modal\hamaza_code\Results\ofec_mpmmo_platemo_1e5\tasks\MMEAWI_suite05_D5_run01.mat,100000,95,1,1,1,89.9998679445478,0.000132055452155555,89.9997294634831,0.000111481641605349,0.000120492135443857,0.000111481641605349,95,1,1,8099.98381063159
MMEAWI,6,10,1,ok,,62.1506017,D:\code\multi_party_multi_modal\hamaza_code\Results\ofec_mpmmo_platemo_1e5\tasks\MMEAWI_suite06_D10_run01.mat,100000,1,2,0,0,0.961269631568868,89.0387303684311,0.961269631568868,1.11217185036194,1.06190749847745,1.06190749847745,1,1,0,21.7509631500845
MMEAWI,6,2,1,ok,,38.8179389,D:\code\multi_party_multi_modal\hamaza_code\Results\ofec_mpmmo_platemo_1e5\tasks\MMEAWI_suite06_D2_run01.mat,100000,100,2,1,0.5,89.9999994483534,5.51646607505063e-07,89.9999994483534,0.310283967399226,1.4329831010181e-06,1.4329831010181e-06,100,1,1,8099.99994493273
MMEAWI,6,3,1,ok,,40.0201478,D:\code\multi_party_multi_modal\hamaza_code\Results\ofec_mpmmo_platemo_1e5\tasks\MMEAWI_suite06_D3_run01.mat,100000,99,2,1,0.5,89.9999807866681,1.92133318819288e-05,89.999956789653,0.306964581007031,2.4984397926655e-05,2.3975638390559e-05,99,1,1,8099.99809033321
MMEAWI,6,5,1,ok,,43.1252443,D:\code\multi_party_multi_modal\hamaza_code\Results\ofec_mpmmo_platemo_1e5\tasks\MMEAWI_suite06_D5_run01.mat,100000,100,2,1,0.5,89.9999543642942,4.56357057743162e-05,89.9999430355021,0.394917582293367,3.06990845189597e-05,2.48047903220002e-05,100,1,1,8099.99524290613
MMEAWI,7,10,1,ok,,80.6966122,D:\code\multi_party_multi_modal\hamaza_code\Results\ofec_mpmmo_platemo_1e5\tasks\MMEAWI_suite07_D10_run01.mat,100000,100,2,0,0,0.941693935511324,89.0583060644887,0.917139036873287,0.98226504281862,1.42011078631668,0.930682441423164,100,1,0,1.0310752678789
MMEAWI,7,2,1,ok,,44.2229601,D:\code\multi_party_multi_modal\hamaza_code\Results\ofec_mpmmo_platemo_1e5\tasks\MMEAWI_suite07_D2_run01.mat,100000,80,2,1,0.5,89.9999766003635,2.33996365324174e-05,89.9997462115679,0.330883583296668,9.00521315758815e-05,7.80212383557462e-05,80,1,1,8099.99831692192
MMEAWI,7,3,1,ok,,42.5840526,D:\code\multi_party_multi_modal\hamaza_code\Results\ofec_mpmmo_platemo_1e5\tasks\MMEAWI_suite07_D3_run01.mat,100000,100,2,1,0.5,89.9999853618996,1.46381003673923e-05,89.9999853535807,0.424418953603852,2.76760292623929e-05,2.76758204005532e-05,100,1,1,8099.99753360789
MMEAWI,7,5,1,ok,,35.8314967,D:\code\multi_party_multi_modal\hamaza_code\Results\ofec_mpmmo_platemo_1e5\tasks\MMEAWI_suite07_D5_run01.mat,100000,93,2,0,0,10.0894650458246,79.9105349541754,10.0416117849348,0.655926106744425,0.539377296670729,0.445780840730289,93,1,0,1003.25453500486
MMEAWI,8,2,1,ok,,46.7159778,D:\code\multi_party_multi_modal\hamaza_code\Results\ofec_mpmmo_platemo_1e5\tasks\MMEAWI_suite08_D2_run01.mat,100000,100,2,1,0.5,89.9999998218416,1.78158416019869e-07,89.9999998218416,0.204301580515862,6.42677997058213e-06,6.42677997052286e-06,100,1,1,8099.99997260569
MMEAWI,8,3,1,ok,,47.3675267,D:\code\multi_party_multi_modal\hamaza_code\Results\ofec_mpmmo_platemo_1e5\tasks\MMEAWI_suite08_D3_run01.mat,100000,100,2,1,0.5,89.9999900518232,9.94817678190429e-06,89.9999882130516,0.291427402699853,5.87999023338838e-05,5.87832114542673e-05,100,1,1,8099.99871200929
MMEAWI,8,5,1,ok,,42.155612,D:\code\multi_party_multi_modal\hamaza_code\Results\ofec_mpmmo_platemo_1e5\tasks\MMEAWI_suite08_D5_run01.mat,100000,91,2,0,0,11.6542931877659,78.3457068122341,6.26650685028899,0.486496154580906,0.448551172676544,0.266165411901222,91,1,0,750.919263162045
MMEAWI,9,10,1,ok,,81.5189288,D:\code\multi_party_multi_modal\hamaza_code\Results\ofec_mpmmo_platemo_1e5\tasks\MMEAWI_suite09_D10_run01.mat,100000,100,20,0,0,0.00024846953148483,89.9997515304685,0.00024846953148483,0.846140551461151,0.964466454831745,0.643115903991655,100,1,0,7.54850100850041e-08
MMEAWI,10,10,1,ok,,207.7715264,D:\code\multi_party_multi_modal\hamaza_code\Results\ofec_mpmmo_platemo_1e5\tasks\MMEAWI_suite10_D10_run01.mat,100000,100,6,1,0.166666666666667,89.9971855287655,0.00281447123452949,89.9966087457992,0.789874887649846,0.000244715879434708,0.000228260979008472,100,1,1,8099.64553275328
MMEAWI,10,2,1,ok,,37.6631704,D:\code\multi_party_multi_modal\hamaza_code\Results\ofec_mpmmo_platemo_1e5\tasks\MMEAWI_suite10_D2_run01.mat,100000,100,6,1,0.166666666666667,89.9999998071423,1.92857697811633e-07,89.9999998071423,0.512955607174589,2.52961868674381e-06,2.52961868669001e-06,100,1,1,8099.99997190507
MMEAWI,10,3,1,ok,,35.5105565,D:\code\multi_party_multi_modal\hamaza_code\Results\ofec_mpmmo_platemo_1e5\tasks\MMEAWI_suite10_D3_run01.mat,100000,100,6,1,0.166666666666667,89.9999936048373,6.39516271405682e-06,89.9999752212742,0.619030281847877,1.27544822880542e-05,1.08015906414623e-05,100,1,1,8099.99916325641
MMEAWI,10,5,1,ok,,47.230324,D:\code\multi_party_multi_modal\hamaza_code\Results\ofec_mpmmo_platemo_1e5\tasks\MMEAWI_suite10_D5_run01.mat,100000,73,6,1,0.166666666666667,89.9999807120148,1.92879851823591e-05,89.9999789170343,0.740696275966284,2.34571428140755e-05,2.31639510675728e-05,73,1,1,8099.99746498128
MMEAWI,11,10,1,ok,,84.1257913,D:\code\multi_party_multi_modal\hamaza_code\Results\ofec_mpmmo_platemo_1e5\tasks\MMEAWI_suite11_D10_run01.mat,100000,100,8,0,0,0.467718856730201,89.5322811432698,0.467718856730201,0.913955161838498,1.15798293707044,0.790072785400515,100,1,0,0.218760928941006
MMEAWI,11,2,1,ok,,34.0533096,D:\code\multi_party_multi_modal\hamaza_code\Results\ofec_mpmmo_platemo_1e5\tasks\MMEAWI_suite11_D2_run01.mat,100000,100,8,1,0.125,89.9999988418177,1.15818231449794e-06,89.9999981833859,0.520692756891378,5.1136365291881e-06,4.64645913393599e-06,100,1,1,8099.99994137712
MMEAWI,11,3,1,ok,,39.535684,D:\code\multi_party_multi_modal\hamaza_code\Results\ofec_mpmmo_platemo_1e5\tasks\MMEAWI_suite11_D3_run01.mat,100000,100,8,1,0.125,89.9999991092425,8.90757476668114e-07,89.999998045872,0.654059980346238,5.8958321707894e-06,4.89752295492756e-06,100,1,1,8099.99992826836
MMEAWI,11,5,1,ok,,37.0570524,D:\code\multi_party_multi_modal\hamaza_code\Results\ofec_mpmmo_platemo_1e5\tasks\MMEAWI_suite11_D5_run01.mat,100000,100,8,1,0.125,89.9999572124224,4.27875776267683e-05,89.9999482431194,0.653619019072602,4.45787307954959e-05,4.18543384861452e-05,100,1,1,8099.99508098181
MMEAWI,12,10,1,ok,,86.0002803,D:\code\multi_party_multi_modal\hamaza_code\Results\ofec_mpmmo_platemo_1e5\tasks\MMEAWI_suite12_D10_run01.mat,100000,100,16,0,0,1.44423282752527,88.5557671724747,1.44423282752527,0.900182007167848,1.06715559044176,0.642713699883497,100,1,0,2.08580846010163
MMEAWI,12,2,1,ok,,37.7904006,D:\code\multi_party_multi_modal\hamaza_code\Results\ofec_mpmmo_platemo_1e5\tasks\MMEAWI_suite12_D2_run01.mat,100000,100,16,1,0.0625,89.9999984937767,1.50622329897487e-06,89.9999955424263,0.516803562100741,6.87078181437069e-06,6.32968395497473e-06,100,1,1,8099.99984091166
MMEAWI,12,3,1,ok,,35.4589884,D:\code\multi_party_multi_modal\hamaza_code\Results\ofec_mpmmo_platemo_1e5\tasks\MMEAWI_suite12_D3_run01.mat,100000,5,16,1,0.0625,89.9999995441998,4.55800204690604e-07,89.9999967507636,0.677368850175209,7.70682677753084e-06,7.04795909916411e-06,5,1,1,8099.99994445083
MMOEABH,1,10,1,ok,,36.4293629,D:\code\multi_party_multi_modal\hamaza_code\Results\ofec_mpmmo_platemo_1e5\tasks\MMOEABH_suite01_D10_run01.mat,100000,13,2,0,0,2.15868233510719e-05,89.9999784131766,1.66294338244965e-06,0.712831139911999,0.887152851079043,0.587791191478161,10,0.769230769230769,0,7.55877617537954e-08
MMOEABH,1,2,1,ok,,107.7562611,D:\code\multi_party_multi_modal\hamaza_code\Results\ofec_mpmmo_platemo_1e5\tasks\MMOEABH_suite01_D2_run01.mat,100000,100,2,1,0.5,88.2497542910045,1.75024570899551,47.0502664847161,0.289033954153273,0.461266430908318,1.71511456214805e-05,38,0.38,0.38,7833.92246172106
MMOEABH,1,3,1,ok,,84.2907715,D:\code\multi_party_multi_modal\hamaza_code\Results\ofec_mpmmo_platemo_1e5\tasks\MMOEABH_suite01_D3_run01.mat,100000,76,2,2,1,90.5734397989609,-0.573439798960877,20.4422096207797,0.00019828295710197,0.448614145518126,3.27698661578322e-05,17,0.223684210526316,0.223684210526316,8231.98872993249
MMOEABH,1,5,1,ok,,234.3548279,D:\code\multi_party_multi_modal\hamaza_code\Results\ofec_mpmmo_platemo_1e5\tasks\MMOEABH_suite01_D5_run01.mat,100000,36,2,1,0.5,87.7747000479789,2.22529995202115,27.1891847192319,0.00410385479531675,0.423029372690172,0.002674459617533,11,0.305555555555556,0.277777777777778,7744.12793449415
MMOEABH,2,10,1,ok,,88.5173023,D:\code\multi_party_multi_modal\hamaza_code\Results\ofec_mpmmo_platemo_1e5\tasks\MMOEABH_suite02_D10_run01.mat,100000,100,2,0,0,0.62625865425693,89.3737413457431,0.454155819225145,0.60100960272992,1.09472344873086,0.419589008217831,93,0.93,0,1.10438933952543
MMOEABH,2,2,1,ok,,40.8211223,D:\code\multi_party_multi_modal\hamaza_code\Results\ofec_mpmmo_platemo_1e5\tasks\MMOEABH_suite02_D2_run01.mat,100000,57,2,2,1,89.9999999781286,2.18713580579788e-08,41.4662443842284,0.00113849937381147,0.211379052922723,6.16215631083635e-07,18,0.315789473684211,0.421052631578947,8099.99999894901
MMOEABH,2,3,1,ok,,33.6859453,D:\code\multi_party_multi_modal\hamaza_code\Results\ofec_mpmmo_platemo_1e5\tasks\MMOEABH_suite02_D3_run01.mat,100000,34,2,1,0.5,89.9999815688794,1.84311205515542e-05,47.9444554004249,0.130642510151311,0.194960796425491,2.25549817951728e-05,18,0.529411764705882,0.529411764705882,8099.99856892094
MMOEABH,2,5,1,ok,,38.1899661,D:\code\multi_party_multi_modal\hamaza_code\Results\ofec_mpmmo_platemo_1e5\tasks\MMOEABH_suite02_D5_run01.mat,100000,31,2,1,0.5,89.9969794597682,0.00302054023181597,57.1973622228858,0.315944212786544,0.0653789695803369,0.000192542276290021,19,0.612903225806452,0.612903225806452,8099.69836826825
MMOEABH,3,10,1,ok,,47.9083117,D:\code\multi_party_multi_modal\hamaza_code\Results\ofec_mpmmo_platemo_1e5\tasks\MMOEABH_suite03_D10_run01.mat,100000,91,1,1,1,89.9976234982833,0.00237650171666814,73.190956273585,0.000159709357636001,0.145631030374302,0.000159709357636001,74,0.813186813186813,0.813186813186813,8099.6678289873
MMOEABH,3,2,1,ok,,25.9771666,D:\code\multi_party_multi_modal\hamaza_code\Results\ofec_mpmmo_platemo_1e5\tasks\MMOEABH_suite03_D2_run01.mat,100000,71,1,0,0,64.8122282167226,25.1877717832774,34.9657438579059,0.287622687963916,0.468803624293802,0.287622687963916,38,0.535211267605634,0,5392.87187260392
MMOEABH,3,3,1,ok,,30.3042238,D:\code\multi_party_multi_modal\hamaza_code\Results\ofec_mpmmo_platemo_1e5\tasks\MMOEABH_suite03_D3_run01.mat,100000,87,1,1,1,89.9602381454095,0.0397618545904521,40.3252579640636,0.0029775445624954,0.614346334525262,0.0029775445624954,31,0.35632183908046,0.35632183908046,8096.83362721419
MMOEABH,3,5,1,ok,,30.8903632,D:\code\multi_party_multi_modal\hamaza_code\Results\ofec_mpmmo_platemo_1e5\tasks\MMOEABH_suite03_D5_run01.mat,100000,88,1,1,1,89.9741847036035,0.0258152963965443,21.1261982753583,0.00154529424375741,0.543374855285499,0.00154529424375741,10,0.113636363636364,0.113636363636364,8095.88457661636
MMOEABH,4,10,1,ok,,36.51804,D:\code\multi_party_multi_modal\hamaza_code\Results\ofec_mpmmo_platemo_1e5\tasks\MMOEABH_suite04_D10_run01.mat,100000,39,2,1,0.5,89.8499067511219,0.150093248878093,2.30385634148759,0.368507340060766,0.481951453195149,0.00129454202925716,1,0.0256410256410256,0.0256410256410256,8073.20324204719
MMOEABH,4,2,1,ok,,107.0962963,D:\code\multi_party_multi_modal\hamaza_code\Results\ofec_mpmmo_platemo_1e5\tasks\MMOEABH_suite04_D2_run01.mat,100000,66,2,1,0.5,89.9998617876379,0.000138212362102763,25.6210174088861,0.150281033446088,0.439117503250526,0.000113284195947048,16,0.242424242424242,0.242424242424242,8099.97854825592
MMOEABH,4,3,1,ok,,32.8987971,D:\code\multi_party_multi_modal\hamaza_code\Results\ofec_mpmmo_platemo_1e5\tasks\MMOEABH_suite04_D3_run01.mat,100000,1,2,1,0.5,89.9987872375338,0.00121276246623836,89.9987872375338,0.245205709709077,0.000255255291056982,0.000255255291056982,1,1,1,8099.81250424988
MMOEABH,4,5,1,ok,,25.791947,D:\code\multi_party_multi_modal\hamaza_code\Results\ofec_mpmmo_platemo_1e5\tasks\MMOEABH_suite04_D5_run01.mat,100000,47,2,0,0,12.4812972808173,77.5187027191827,5.13879275435055,0.848335747424501,0.781252120200351,0.773044423860651,47,1,0,642.549213085096
MMOEABH,5,10,1,ok,,44.242895,D:\code\multi_party_multi_modal\hamaza_code\Results\ofec_mpmmo_platemo_1e5\tasks\MMOEABH_suite05_D10_run01.mat,100000,26,1,1,1,89.571565750551,0.428434249449026,89.5344416263975,0.00291005470882395,0.00303145535027924,0.00291005470882395,26,1,1,8046.10731935272
MMOEABH,5,2,1,ok,,31.4464166,D:\code\multi_party_multi_modal\hamaza_code\Results\ofec_mpmmo_platemo_1e5\tasks\MMOEABH_suite05_D2_run01.mat,100000,100,1,1,1,89.9999969287062,3.07129383259053e-06,51.579296594052,1.23556079875027e-05,0.412079939128533,1.23556079875027e-05,33,0.33,0.33,8099.99957206077
MMOEABH,5,3,1,ok,,44.3790003,D:\code\multi_party_multi_modal\hamaza_code\Results\ofec_mpmmo_platemo_1e5\tasks\MMOEABH_suite05_D3_run01.mat,100000,73,1,1,1,89.9995539732195,0.000446026780466013,53.2353677856676,0.000250508699512924,0.472549695714599,0.000250508699512924,13,0.178082191780822,0.178082191780822,8099.95662526399
MMOEABH,5,5,1,ok,,33.6752666,D:\code\multi_party_multi_modal\hamaza_code\Results\ofec_mpmmo_platemo_1e5\tasks\MMOEABH_suite05_D5_run01.mat,100000,100,1,1,1,89.4829466023375,0.517053397662522,15.630878325052,0.00373378972510522,0.815531753271256,0.00373378972510522,12,0.12,0.12,8036.82630964912
MMOEABH,6,10,1,ok,,47.0298909,D:\code\multi_party_multi_modal\hamaza_code\Results\ofec_mpmmo_platemo_1e5\tasks\MMOEABH_suite06_D10_run01.mat,100000,5,2,0,0,0.459531576390816,89.5404684236092,0.211689361036809,0.779127443231138,0.827205910888616,0.77243308880445,5,1,0,1.36546747567785
MMOEABH,6,2,1,ok,,28.8252128,D:\code\multi_party_multi_modal\hamaza_code\Results\ofec_mpmmo_platemo_1e5\tasks\MMOEABH_suite06_D2_run01.mat,100000,42,2,2,1,89.9999938189462,6.18105380567613e-06,78.3946979257627,1.01580043238616e-05,0.0219430554336568,6.06470846658071e-06,24,0.571428571428571,0.785714285714286,8099.99994573268
MMOEABH,6,3,1,ok,,35.1257787,D:\code\multi_party_multi_modal\hamaza_code\Results\ofec_mpmmo_platemo_1e5\tasks\MMOEABH_suite06_D3_run01.mat,100000,24,2,1,0.5,89.9999463493294,5.36506706083628e-05,71.649484294807,0.283750059047284,0.0352080229356088,7.42614702365581e-05,19,0.791666666666667,0.791666666666667,8099.99281088355
MMOEABH,6,5,1,ok,,40.391437,D:\code\multi_party_multi_modal\hamaza_code\Results\ofec_mpmmo_platemo_1e5\tasks\MMOEABH_suite06_D5_run01.mat,100000,49,2,2,1,89.9813103133114,0.0186896866885746,89.9713494853283,0.000589902278984004,0.000657152563083366,0.000493698326984383,49,1,1,8099.11670227685
MMOEABH,7,10,1,ok,,46.8726696,D:\code\multi_party_multi_modal\hamaza_code\Results\ofec_mpmmo_platemo_1e5\tasks\MMOEABH_suite07_D10_run01.mat,100000,99,2,0,0,0.941693935511324,89.0583060644887,0.923091739573417,0.859877340744688,1.14477499688947,0.83099822341653,99,1,0,1.0310752678789
MMOEABH,7,2,1,ok,,99.7829859,D:\code\multi_party_multi_modal\hamaza_code\Results\ofec_mpmmo_platemo_1e5\tasks\MMOEABH_suite07_D2_run01.mat,100000,97,2,1,0.5,89.9999526233494,4.73766506416951e-05,57.1830112071617,0.155665591886662,0.279395338804871,6.35749281927432e-05,8,0.0824742268041237,0.0824742268041237,8099.99620743075
MMOEABH,7,3,1,ok,,29.9195015,D:\code\multi_party_multi_modal\hamaza_code\Results\ofec_mpmmo_platemo_1e5\tasks\MMOEABH_suite07_D3_run01.mat,100000,83,2,1,0.5,89.9989739133722,0.00102608662778891,34.70026111418,0.127806162863342,0.295477180055401,0.000414624931055971,16,0.192771084337349,0.192771084337349,8099.91206355085
MMOEABH,7,5,1,ok,,38.4775108,D:\code\multi_party_multi_modal\hamaza_code\Results\ofec_mpmmo_platemo_1e5\tasks\MMOEABH_suite07_D5_run01.mat,100000,50,2,2,1,89.9999004127153,9.95872846942802e-05,89.992466551438,0.000600433071256437,0.000445073019308144,8.69698930033039e-05,34,0.68,1,8099.98653680535
MMOEABH,8,2,1,ok,,25.4783168,D:\code\multi_party_multi_modal\hamaza_code\Results\ofec_mpmmo_platemo_1e5\tasks\MMOEABH_suite08_D2_run01.mat,100000,12,2,1,0.5,89.9999977167827,2.28321728457104e-06,77.170406200094,0.0618728017214577,0.0654887208602752,3.04461541213188e-05,6,0.5,0.5,8099.99975288341
MMOEABH,8,3,1,ok,,28.3951065,D:\code\multi_party_multi_modal\hamaza_code\Results\ofec_mpmmo_platemo_1e5\tasks\MMOEABH_suite08_D3_run01.mat,100000,69,2,1,0.5,89.9999692673762,3.07326238271344e-05,52.2521240643603,0.289913782496935,0.313037726706864,1.63880710041963e-05,33,0.478260869565217,0.478260869565217,8099.99668100451
MMOEABH,8,5,1,ok,,124.8648687,D:\code\multi_party_multi_modal\hamaza_code\Results\ofec_mpmmo_platemo_1e5\tasks\MMOEABH_suite08_D5_run01.mat,100000,36,2,2,1,89.9931785242796,0.00682147572035774,89.9268520619803,0.0015157968073804,0.00192998405636655,0.000672240951111659,10,0.277777777777778,1,8098.97993609397
MMOEABH,9,10,1,ok,,39.3426726,D:\code\multi_party_multi_modal\hamaza_code\Results\ofec_mpmmo_platemo_1e5\tasks\MMOEABH_suite09_D10_run01.mat,100000,100,20,0,0,0.000928192899607438,89.9990718071004,0.000277454979478335,0.924677048072205,0.619702694796425,0.514129432574126,97,0.97,0,0.0325660737090287
MMOEABH,10,10,1,ok,,104.1974159,D:\code\multi_party_multi_modal\hamaza_code\Results\ofec_mpmmo_platemo_1e5\tasks\MMOEABH_suite10_D10_run01.mat,100000,38,6,1,0.166666666666667,89.8547770137928,0.145222986207202,85.167087972401,0.446198199653545,0.0093889491461988,0.00177296966896423,16,0.421052631578947,0.421052631578947,8083.09181831113
MMOEABH,10,2,1,ok,,30.9897129,D:\code\multi_party_multi_modal\hamaza_code\Results\ofec_mpmmo_platemo_1e5\tasks\MMOEABH_suite10_D2_run01.mat,100000,44,6,4,0.666666666666667,89.999998846194,1.15380602494497e-06,89.9995491919621,0.0833328441388514,9.99437081115469e-05,4.30564743021372e-06,16,0.363636363636364,1,8099.99996882626
MMOEABH,10,3,1,ok,,34.9601034,D:\code\multi_party_multi_modal\hamaza_code\Results\ofec_mpmmo_platemo_1e5\tasks\MMOEABH_suite10_D3_run01.mat,100000,100,6,1,0.166666666666667,89.999998749507,1.2504930424484e-06,89.9999973957728,0.619028274696506,6.01832591491362e-06,5.82961362032458e-06,100,1,1,8099.99986187816
MMOEABH,10,5,1,ok,,40.5836637,D:\code\multi_party_multi_modal\hamaza_code\Results\ofec_mpmmo_platemo_1e5\tasks\MMOEABH_suite10_D5_run01.mat,100000,71,6,4,0.666666666666667,89.99989871234,0.000101287660015714,89.8469185323884,0.154934555646673,0.00222160464832163,4.5486812666525e-05,32,0.450704225352113,1,8099.98902348499
MMOEABH,11,10,1,ok,,37.7008031,D:\code\multi_party_multi_modal\hamaza_code\Results\ofec_mpmmo_platemo_1e5\tasks\MMOEABH_suite11_D10_run01.mat,100000,32,8,1,0.125,89.9893292799373,0.0106707200626914,74.6509235889868,0.60669746548638,0.0168596677306505,0.000300131446242858,14,0.4375,0.4375,8098.58229761542
MMOEABH,11,2,1,ok,,26.6391321,D:\code\multi_party_multi_modal\hamaza_code\Results\ofec_mpmmo_platemo_1e5\tasks\MMOEABH_suite11_D2_run01.mat,100000,100,8,3,0.375,89.9999997837994,2.16200646718789e-07,89.9999717943103,0.257139096031863,1.78723796944247e-05,1.88037704329615e-06,19,0.19,1,8099.99999263842
MMOEABH,11,3,1,ok,,31.0807507,D:\code\multi_party_multi_modal\hamaza_code\Results\ofec_mpmmo_platemo_1e5\tasks\MMOEABH_suite11_D3_run01.mat,100000,69,8,4,0.5,89.9999932060967,6.79390329594298e-06,89.9997475126164,0.277026585317846,5.12393060025607e-05,1.11559402956995e-05,19,0.27536231884058,1,8099.99930510071
MMOEABH,11,5,1,ok,,29.710284,D:\code\multi_party_multi_modal\hamaza_code\Results\ofec_mpmmo_platemo_1e5\tasks\MMOEABH_suite11_D5_run01.mat,100000,75,8,3,0.375,89.9999822926512,1.77073487890311e-05,89.9770646372813,0.426885134149798,0.000449076905201655,1.86675995011823e-05,43,0.573333333333333,1,8099.99736764003
MMOEABH,12,10,1,ok,,47.2076874,D:\code\multi_party_multi_modal\hamaza_code\Results\ofec_mpmmo_platemo_1e5\tasks\MMOEABH_suite12_D10_run01.mat,100000,3,16,1,0.0625,89.9672343306654,0.0327656693345659,75.3567338215898,0.825747736883419,0.0129815859124279,0.000657922362081272,1,0.333333333333333,0.333333333333333,8095.20384553394
MMOEABH,12,2,1,ok,,28.1882023,D:\code\multi_party_multi_modal\hamaza_code\Results\ofec_mpmmo_platemo_1e5\tasks\MMOEABH_suite12_D2_run01.mat,100000,100,16,5,0.3125,89.9999999985471,1.45290357522754e-09,89.9997680389083,0.17654971056488,1.85297378534316e-05,6.96758859376455e-08,39,0.39,1,8099.99999985961
MMOEABH,12,3,1,ok,,29.1357235,D:\code\multi_party_multi_modal\hamaza_code\Results\ofec_mpmmo_platemo_1e5\tasks\MMOEABH_suite12_D3_run01.mat,100000,45,16,4,0.25,89.9999987725289,1.22747105990584e-06,89.7919563508903,0.329422613219533,0.00146531689998363,7.55930943482288e-06,27,0.6,1,8099.99988450311
MMOPSO,1,10,1,ok,,7.9510343,D:\code\multi_party_multi_modal\hamaza_code\Results\ofec_mpmmo_platemo_1e5\tasks\MMOPSO_suite01_D10_run01.mat,100000,100,2,0,0,2.15868233510719e-05,89.9999784131766,2.13709551182717e-05,1.13103465568777,1.38878705237663,1.12670553197143,100,1,0,1.5743477185412e-09
MMOPSO,1,2,1,ok,,7.5712702,D:\code\multi_party_multi_modal\hamaza_code\Results\ofec_mpmmo_platemo_1e5\tasks\MMOPSO_suite01_D2_run01.mat,100000,100,2,1,0.5,88.4785494117179,1.52145058828205,88.4785494117179,0.289017281682478,1.71350818186907e-10,9.3788453686325e-12,100,1,1,7992.43333396791
MMOPSO,1,3,1,ok,,107.2233991,D:\code\multi_party_multi_modal\hamaza_code\Results\ofec_mpmmo_platemo_1e5\tasks\MMOPSO_suite01_D3_run01.mat,100000,100,2,1,0.5,88.7510606421465,1.24893935785353,88.7510606421465,0.223177405476606,2.10462404124151e-10,4.18226497774292e-11,100,1,1,8067.25056425986
MMOPSO,1,5,1,ok,,9.0446036,D:\code\multi_party_multi_modal\hamaza_code\Results\ofec_mpmmo_platemo_1e5\tasks\MMOPSO_suite01_D5_run01.mat,100000,100,2,0,0,0.0465244769650752,89.9534755230349,0.00641819926868607,0.730926662320846,0.82344869574731,0.669648080590554,100,1,0,3.1261590029272
MMOPSO,2,10,1,ok,,8.8873162,D:\code\multi_party_multi_modal\hamaza_code\Results\ofec_mpmmo_platemo_1e5\tasks\MMOPSO_suite02_D10_run01.mat,100000,100,2,0,0,0.62625865425693,89.3737413457431,0.489171399338784,0.887922557135119,1.14895343835599,0.822813121820036,100,1,0,1.12343706432385
MMOPSO,2,2,1,ok,,8.0496679,D:\code\multi_party_multi_modal\hamaza_code\Results\ofec_mpmmo_platemo_1e5\tasks\MMOPSO_suite02_D2_run01.mat,100000,100,2,1,0.5,90,0,90,0.362039831364324,3.29002437959865e-10,6.44350476737128e-12,100,1,1,8100
MMOPSO,2,3,1,ok,,8.8682358,D:\code\multi_party_multi_modal\hamaza_code\Results\ofec_mpmmo_platemo_1e5\tasks\MMOPSO_suite02_D3_run01.mat,100000,100,2,1,0.5,90,0,90,0.270484252279982,2.04365214311409e-10,3.13397402048076e-11,100,1,1,8100
MMOPSO,2,5,1,ok,,7.2819704,D:\code\multi_party_multi_modal\hamaza_code\Results\ofec_mpmmo_platemo_1e5\tasks\MMOPSO_suite02_D5_run01.mat,100000,8,2,0,0,7.02629999207622,82.9737000079238,2.21686541223553,0.597377858801677,0.49322871047572,0.479338104387092,8,1,0,399.839793242209
MMOPSO,3,10,1,ok,,10.8593845,D:\code\multi_party_multi_modal\hamaza_code\Results\ofec_mpmmo_platemo_1e5\tasks\MMOPSO_suite03_D10_run01.mat,100000,100,1,1,1,89.9999999999999,5.6843418860808e-14,90,5.69691754677074e-10,5.90030614945802e-10,5.69691754677074e-10,100,1,1,8099.99999999999
MMOPSO,3,2,1,ok,,6.7790691,D:\code\multi_party_multi_modal\hamaza_code\Results\ofec_mpmmo_platemo_1e5\tasks\MMOPSO_suite03_D2_run01.mat,100000,100,1,1,1,90,0,90,7.19012728858559e-11,3.15101369080505e-10,7.19012728858559e-11,100,1,1,8100
MMOPSO,3,3,1,ok,,6.3080608,D:\code\multi_party_multi_modal\hamaza_code\Results\ofec_mpmmo_platemo_1e5\tasks\MMOPSO_suite03_D3_run01.mat,100000,100,1,1,1,90,0,90,1.21649041442501e-10,3.77658715865924e-10,1.21649041442501e-10,100,1,1,8100
MMOPSO,3,5,1,ok,,6.0084986,D:\code\multi_party_multi_modal\hamaza_code\Results\ofec_mpmmo_platemo_1e5\tasks\MMOPSO_suite03_D5_run01.mat,100000,100,1,1,1,90,0,90,9.79402884822924e-11,2.32858344405146e-10,9.79402884822924e-11,100,1,1,8100
MMOPSO,4,10,1,ok,,6.3381043,D:\code\multi_party_multi_modal\hamaza_code\Results\ofec_mpmmo_platemo_1e5\tasks\MMOPSO_suite04_D10_run01.mat,100000,100,2,0,0,1.1828421492055e-05,89.9999881715785,3.99081564580683e-06,0.665692292348779,1.06939928846164,0.530322011597599,100,1,0,1.14035078307559e-09
MMOPSO,4,2,1,ok,,7.2845298,D:\code\multi_party_multi_modal\hamaza_code\Results\ofec_mpmmo_platemo_1e5\tasks\MMOPSO_suite04_D2_run01.mat,100000,100,2,1,0.5,90,0,90,0.156513525598617,3.6485021251175e-10,5.0887468639503e-11,100,1,1,8100
MMOPSO,4,3,1,ok,,5.9151756,D:\code\multi_party_multi_modal\hamaza_code\Results\ofec_mpmmo_platemo_1e5\tasks\MMOPSO_suite04_D3_run01.mat,100000,100,2,1,0.5,90,0,90,0.24520282589075,3.86722351862544e-10,5.80629108326099e-11,100,1,1,8100
MMOPSO,4,5,1,ok,,5.6517816,D:\code\multi_party_multi_modal\hamaza_code\Results\ofec_mpmmo_platemo_1e5\tasks\MMOPSO_suite04_D5_run01.mat,100000,100,2,1,0.5,89.9999999518036,4.81964121945566e-08,89.9999999518036,0.404924775523554,1.25672725182517e-06,1.25672725182517e-06,100,1,1,8099.99999353912
MMOPSO,5,10,1,ok,,9.4343486,D:\code\multi_party_multi_modal\hamaza_code\Results\ofec_mpmmo_platemo_1e5\tasks\MMOPSO_suite05_D10_run01.mat,100000,100,1,1,1,89.9999999999997,2.8421709430404e-13,89.9999999999997,1.95446038311595e-09,1.97831105595626e-09,1.95446038311595e-09,100,1,1,8099.99999999996
MMOPSO,5,2,1,ok,,7.0303989,D:\code\multi_party_multi_modal\hamaza_code\Results\ofec_mpmmo_platemo_1e5\tasks\MMOPSO_suite05_D2_run01.mat,100000,100,1,1,1,90,0,90,2.09319278260532e-11,2.22822002365455e-10,2.09319278260532e-11,100,1,1,8100
MMOPSO,5,3,1,ok,,7.4177062,D:\code\multi_party_multi_modal\hamaza_code\Results\ofec_mpmmo_platemo_1e5\tasks\MMOPSO_suite05_D3_run01.mat,100000,100,1,1,1,90,0,90,8.6018174737668e-11,3.14952288056687e-10,8.6018174737668e-11,100,1,1,8100
MMOPSO,5,5,1,ok,,6.9149374,D:\code\multi_party_multi_modal\hamaza_code\Results\ofec_mpmmo_platemo_1e5\tasks\MMOPSO_suite05_D5_run01.mat,100000,100,1,1,1,90,0,90,6.18007700396062e-11,3.01019617261368e-10,6.18007700396062e-11,100,1,1,8100
MMOPSO,6,10,1,ok,,10.0875,D:\code\multi_party_multi_modal\hamaza_code\Results\ofec_mpmmo_platemo_1e5\tasks\MMOPSO_suite06_D10_run01.mat,100000,100,2,0,0,0.458293165904877,89.5417068340951,0.451644640310521,0.759156634028394,0.975471379034984,0.661779812854473,100,1,0,0.475730545218815
MMOPSO,6,2,1,ok,,6.2419641,D:\code\multi_party_multi_modal\hamaza_code\Results\ofec_mpmmo_platemo_1e5\tasks\MMOPSO_suite06_D2_run01.mat,100000,100,2,1,0.5,90,0,90,0.310283963923057,2.15995469109114e-10,2.34777532455622e-11,100,1,1,8100
MMOPSO,6,3,1,ok,,6.9319705,D:\code\multi_party_multi_modal\hamaza_code\Results\ofec_mpmmo_platemo_1e5\tasks\MMOPSO_suite06_D3_run01.mat,100000,100,2,1,0.5,90,0,90,0.306956738302619,1.49673228838481e-10,4.53632940185226e-11,100,1,1,8100
MMOPSO,6,5,1,ok,,8.0384849,D:\code\multi_party_multi_modal\hamaza_code\Results\ofec_mpmmo_platemo_1e5\tasks\MMOPSO_suite06_D5_run01.mat,100000,100,2,1,0.5,90,0,90,0.394907063182949,1.60796426860617e-10,5.12477269222253e-11,100,1,1,8100
MMOPSO,7,10,1,ok,,9.0135576,D:\code\multi_party_multi_modal\hamaza_code\Results\ofec_mpmmo_platemo_1e5\tasks\MMOPSO_suite07_D10_run01.mat,100000,100,2,0,0,0.941693935511324,89.0583060644887,0.897845902229115,1.21114442569631,1.3803891176391,1.16283348266936,100,1,0,1.0310752678789
MMOPSO,7,2,1,ok,,9.1565464,D:\code\multi_party_multi_modal\hamaza_code\Results\ofec_mpmmo_platemo_1e5\tasks\MMOPSO_suite07_D2_run01.mat,100000,100,2,1,0.5,90,0,90,0.330832634249658,4.36488768800487e-10,5.28158597072783e-11,100,1,1,8100
MMOPSO,7,3,1,ok,,6.2150904,D:\code\multi_party_multi_modal\hamaza_code\Results\ofec_mpmmo_platemo_1e5\tasks\MMOPSO_suite07_D3_run01.mat,100000,100,2,1,0.5,90,0,90,0.42439902761984,4.7305077304936e-10,1.20150802114198e-10,100,1,1,8100
MMOPSO,7,5,1,ok,,7.0577316,D:\code\multi_party_multi_modal\hamaza_code\Results\ofec_mpmmo_platemo_1e5\tasks\MMOPSO_suite07_D5_run01.mat,100000,3,2,0,0,10.0894650458246,79.9105349541754,8.60601395824089,0.59103432798079,0.485575164167052,0.375573735448362,3,1,0,882.40378839036
MMOPSO,8,10,1,ok,,8.2759994,D:\code\multi_party_multi_modal\hamaza_code\Results\ofec_mpmmo_platemo_1e5\tasks\MMOPSO_suite08_D10_run01.mat,100000,100,2,0,0,0.187677571105155,89.8123224288948,0.173365261237398,0.708791133528631,1.18382321467679,0.592016367692291,100,1,0,0.0701596529677878
MMOPSO,8,2,1,ok,,6.1399215,D:\code\multi_party_multi_modal\hamaza_code\Results\ofec_mpmmo_platemo_1e5\tasks\MMOPSO_suite08_D2_run01.mat,100000,100,2,1,0.5,90,0,90,0.204298794119065,5.08023347463984e-10,5.23039250821698e-11,100,1,1,8100
MMOPSO,8,3,1,ok,,8.0622213,D:\code\multi_party_multi_modal\hamaza_code\Results\ofec_mpmmo_platemo_1e5\tasks\MMOPSO_suite08_D3_run01.mat,100000,100,2,1,0.5,90,0,90,0.291419600850506,1.50848502613965e-10,3.45215512609908e-11,100,1,1,8100
MMOPSO,8,5,1,ok,,8.8578287,D:\code\multi_party_multi_modal\hamaza_code\Results\ofec_mpmmo_platemo_1e5\tasks\MMOPSO_suite08_D5_run01.mat,100000,100,2,1,0.5,90,0,90,0.437629617694018,2.62878334133845e-10,7.87854769168713e-11,100,1,1,8100
MMOPSO,9,10,1,ok,,6.1099166,D:\code\multi_party_multi_modal\hamaza_code\Results\ofec_mpmmo_platemo_1e5\tasks\MMOPSO_suite09_D10_run01.mat,100000,3,20,1,0.05,89.9982826426731,0.00171735732686784,89.9982826426731,0.949468590673008,0.000271077440595592,0.000271077440595592,3,1,1,8099.6994489828
MMOPSO,10,10,1,ok,,11.8031508,D:\code\multi_party_multi_modal\hamaza_code\Results\ofec_mpmmo_platemo_1e5\tasks\MMOPSO_suite10_D10_run01.mat,100000,100,6,1,0.166666666666667,89.9999999999978,2.18847162614111e-12,89.9999999999971,0.789905269592614,9.88755667237303e-09,9.20274250955879e-09,100,1,1,8099.99999999977
MMOPSO,10,2,1,ok,,6.2684287,D:\code\multi_party_multi_modal\hamaza_code\Results\ofec_mpmmo_platemo_1e5\tasks\MMOPSO_suite10_D2_run01.mat,100000,100,6,1,0.166666666666667,90,0,90,0.325343331514265,2.95357494476657e-10,2.20791271305504e-11,100,1,1,8100
MMOPSO,10,3,1,ok,,6.1909264,D:\code\multi_party_multi_modal\hamaza_code\Results\ofec_mpmmo_platemo_1e5\tasks\MMOPSO_suite10_D3_run01.mat,100000,100,6,1,0.166666666666667,90,0,90,0.606035754403413,4.38350768586446e-10,1.01243105750373e-10,100,1,1,8100
MMOPSO,10,5,1,ok,,7.1777561,D:\code\multi_party_multi_modal\hamaza_code\Results\ofec_mpmmo_platemo_1e5\tasks\MMOPSO_suite10_D5_run01.mat,100000,100,6,1,0.166666666666667,90,0,90,0.639582258195745,3.48557326797192e-10,1.17891452265654e-10,100,1,1,8100
MMOPSO,11,10,1,ok,,7.8409075,D:\code\multi_party_multi_modal\hamaza_code\Results\ofec_mpmmo_platemo_1e5\tasks\MMOPSO_suite11_D10_run01.mat,100000,100,8,1,0.125,89.9999999999989,1.12265752250096e-12,89.9999999999989,0.785740224043361,2.65071175650514e-09,2.64812924274186e-09,100,1,1,8099.99999999986
MMOPSO,11,2,1,ok,,5.6958608,D:\code\multi_party_multi_modal\hamaza_code\Results\ofec_mpmmo_platemo_1e5\tasks\MMOPSO_suite11_D2_run01.mat,100000,100,8,1,0.125,90,0,90,0.512010035675768,1.55168931585992e-10,2.15815490029579e-11,100,1,1,8100
MMOPSO,11,3,1,ok,,6.0951093,D:\code\multi_party_multi_modal\hamaza_code\Results\ofec_mpmmo_platemo_1e5\tasks\MMOPSO_suite11_D3_run01.mat,100000,100,8,1,0.125,90,0,90,0.588943122088283,2.69997751311617e-10,6.63995771240534e-11,100,1,1,8100
MMOPSO,11,5,1,ok,,7.7930465,D:\code\multi_party_multi_modal\hamaza_code\Results\ofec_mpmmo_platemo_1e5\tasks\MMOPSO_suite11_D5_run01.mat,100000,100,8,1,0.125,90,0,90,0.653612898255895,3.35929908940408e-10,1.56666199018266e-10,100,1,1,8100
MMOPSO,12,10,1,ok,,9.2690576,D:\code\multi_party_multi_modal\hamaza_code\Results\ofec_mpmmo_platemo_1e5\tasks\MMOPSO_suite12_D10_run01.mat,100000,100,16,1,0.0625,89.9999999999999,7.105427357601e-14,89.9999999999999,1.0158996300545,1.19606530928896e-09,1.1710984803241e-09,100,1,1,8099.99999999999
MMOPSO,12,2,1,ok,,6.0473044,D:\code\multi_party_multi_modal\hamaza_code\Results\ofec_mpmmo_platemo_1e5\tasks\MMOPSO_suite12_D2_run01.mat,100000,100,16,1,0.0625,90,0,90,0.444842529541599,2.28717136911472e-10,2.33650484284672e-11,100,1,1,8100
MMOPSO,12,3,1,ok,,6.1418026,D:\code\multi_party_multi_modal\hamaza_code\Results\ofec_mpmmo_platemo_1e5\tasks\MMOPSO_suite12_D3_run01.mat,100000,100,16,1,0.0625,90,0,90,0.677372936173724,3.58399676277679e-10,3.27568700679359e-11,100,1,1,8100
MMOPSO,12,5,1,ok,,6.8766918,D:\code\multi_party_multi_modal\hamaza_code\Results\ofec_mpmmo_platemo_1e5\tasks\MMOPSO_suite12_D5_run01.mat,100000,100,16,1,0.0625,90,0,90,0.807544971215273,2.16395441692625e-10,4.88879205587632e-11,100,1,1,8100
